,concept,randneg,semineg_max,semineg_avg,baseline,pos_max,pos_avg,augment_randneg,augment_semineg_max,augment_semineg_avg,augment_baseline,augment_pos_max,augment_pos_avg
0,big business,0.0441,0.2278,0.1274,-0.0229,0.2721,0.1752,-0.0034,0.0558,0.0125,-0.038,0.3718,0.1515
1,big expenditure,0.0131,0.1243,0.0711,0.0491,0.3052,0.2561,0.035,0.0695,0.0414,0.0277,0.2924,0.2284
2,big voice,0.0353,0.2005,0.1285,0.3542,0.473,0.3807,-0.0165,0.1188,0.0566,0.3388,0.619,0.4623
3,big group,0.1026,0.1518,0.0944,0.0192,0.3902,0.2803,0.0772,0.0607,0.0269,-0.0082,0.388,0.2492
4,big man,0.1038,0.1323,0.0832,0.2903,0.5335,0.2277,0.2127,0.2178,0.1454,0.2168,0.273,0.1914
5,big city,0.0834,0.2078,0.0967,0.3845,0.4937,0.3934,-0.0192,0.0218,-0.0231,0.2695,0.4259,0.3439
6,big tipper,0.0744,0.1204,0.0638,0.1334,0.3299,0.1994,-0.0086,0.1915,0.0914,0.116,0.3426,0.2287
7,big day,0.0064,0.1973,0.142,0.1802,0.2102,0.1354,-0.0564,0.1441,0.074,0.1471,0.2784,0.1421
8,hot doll,0.087,0.3011,0.2012,0.5794,0.5914,0.4495,0.0076,0.3093,0.2118,0.5411,0.439,0.3584
9,hot water,0.148,0.3809,0.3097,0.3729,0.4889,0.3178,0.082,0.5175,0.3037,0.3719,0.4397,0.2537
10,hot stove,0.1645,0.3461,0.2653,0.5264,0.597,0.4629,0.1114,0.3976,0.2325,0.4969,0.5385,0.3861
11,hot topic,0.2308,0.4224,0.2539,0.1651,0.2212,0.1286,0.0694,0.2898,0.2036,0.2377,0.3047,0.1579
12,hot merchandise,0.0771,0.3491,0.1474,0.4103,0.4237,0.26,0.0245,0.2944,0.1638,0.3344,0.3008,0.1779
13,hot temper,0.1348,0.404,0.3218,0.2791,0.4664,0.3685,0.152,0.3396,0.2561,0.2858,0.3895,0.2925
14,hot argument,0.0855,0.372,0.2523,0.2922,0.2599,0.1585,0.0996,0.2976,0.2345,0.2571,0.2752,0.1733
15,hot forehead,0.2912,0.441,0.3727,0.3979,0.5873,0.4598,0.2174,0.5079,0.3373,0.3843,0.6286,0.493
16,bright future,0.1587,0.2638,0.1318,0.357,0.3807,0.2507,0.0585,0.2685,0.0989,0.3173,0.3663,0.2135
17,bright sun,0.1379,0.4003,0.239,0.7024,0.7247,0.6041,0.0563,0.2935,0.1466,0.6001,0.5386,0.4709
18,bright dress,0.3415,0.5145,0.2666,0.8021,0.7674,0.5377,0.336,0.5,0.2118,0.7143,0.6398,0.4299
19,bright room,0.1278,0.4821,0.2331,0.6406,0.4428,0.3571,0.1094,0.4532,0.2107,0.6379,0.4705,0.3637
20,dark shadow,0.3898,0.2714,0.1919,0.122,0.4275,0.3216,0.311,0.3054,0.1656,0.0802,0.2401,0.1774
21,dark day,0.0916,0.2693,0.1848,0.242,0.4813,0.272,0.1091,0.3655,0.1962,0.2647,0.4413,0.2357
22,dark glass,0.1057,0.3288,0.1842,0.5455,0.462,0.385,0.0628,0.3152,0.1529,0.4407,0.3377,0.2796
23,dark undercurrent,0.1043,0.2752,0.1405,0.0821,0.2531,0.1746,0.0446,0.1971,0.0835,0.0313,0.1679,0.1007
24,dark corner,0.2819,0.3947,0.2318,0.1674,0.4496,0.3012,0.2641,0.4171,0.2213,0.1153,0.3001,0.1835
25,dark purpose,0.0252,0.1549,0.1029,0.065,0.2946,0.1814,-0.0784,0.0857,0.0522,0.07,0.1908,0.1117
26,right bank,0.1246,0.3928,0.33,0.6156,0.5235,0.4386,0.0404,0.3688,0.3185,0.5915,0.4419,0.387
27,right hand,0.0873,0.6101,0.508,0.5904,0.6235,0.4982,0.0848,0.5823,0.482,0.5466,0.5777,0.4728
28,right side,0.1592,0.4366,0.3787,0.3733,0.593,0.3665,0.1246,0.4347,0.4144,0.4219,0.5468,0.3965
29,right decision,0.0452,0.212,0.1378,0.1724,0.1785,0.1297,0.0424,0.1914,0.1413,0.1671,0.2939,0.1833
30,right answer,0.1082,0.2401,0.1995,0.2086,0.2542,0.1349,0.0514,0.2017,0.1627,0.218,0.265,0.1902
31,right man,0.0674,0.251,0.1837,0.3066,0.2571,0.218,0.1527,0.265,0.1974,0.3463,0.4008,0.2601
32,right road,0.0609,0.4495,0.3561,0.5083,0.7244,0.4662,0.0431,0.3488,0.2588,0.432,0.5803,0.3903
33,right thing,0.1357,0.3121,0.251,0.1952,0.184,0.1391,0.1065,0.274,0.2175,0.1852,0.1517,0.119
34,short holiday,-0.047,0.3019,0.1467,0.1805,0.1466,0.0613,-0.0412,0.3241,0.1206,0.1076,0.092,0.0205
35,short ration,0.0162,0.1079,0.0693,0.1261,0.1818,0.1069,-0.0278,0.0513,0.0056,0.1037,0.1225,0.065
36,short hair,0.261,0.1333,0.0606,0.3168,0.4055,0.2726,0.1991,0.0836,0.038,0.2674,0.3923,0.2401
37,short smokestack,0.1165,0.3237,0.1765,0.2534,0.3344,0.2513,0.1966,0.2127,0.11,0.1873,0.2731,0.1876
38,short supply,0.0256,0.1646,0.0783,0.035,0.1917,0.0668,-0.0014,0.0923,0.0294,-0.046,0.0964,0.0266
39,short money,0.0974,0.1052,0.0665,0.2606,0.4711,0.3923,0.001,0.0543,0.0058,0.1958,0.3598,0.306
40,short flight,-0.0075,0.2333,0.1649,0.4013,0.4013,0.3344,-0.0537,0.1976,0.1258,0.3463,0.3846,0.3145
41,short month,0.0589,0.1108,0.0623,0.2574,0.3151,0.2288,0.011,0.0667,0.0285,0.2486,0.2603,0.1993
42,short story,0.137,0.2151,0.134,0.1661,0.1723,0.1286,-0.0122,0.1507,0.0919,0.1464,0.2164,0.068
43,short life,0.078,0.1645,0.0754,0.1643,0.1965,0.1127,0.0376,0.0774,0.0182,0.0695,0.0538,0.034
44,far journey,0.0841,0.3079,0.1834,0.179,0.3545,0.2524,-0.0094,0.2796,0.1298,0.1798,0.28,0.2068
45,far side,0.0642,0.3031,0.1918,0.354,0.2692,0.1638,0.0712,0.3091,0.1538,0.2398,0.152,0.1269
46,far trek,0.0588,0.3114,0.1588,0.2631,0.2909,0.1649,0.0202,0.2168,0.0828,0.278,0.2775,0.149
47,far country,0.0567,0.2682,0.1603,0.2882,0.2679,0.1966,-0.027,0.2241,0.084,0.3523,0.3625,0.2188
48,average people,0.0839,0.0953,0.0233,0.1444,0.2795,0.1563,0.0875,0.1237,0.039,0.0918,0.3262,0.1723
49,average merit,0.1141,0.0783,0.0103,0.2844,0.1169,0.0733,0.092,0.0654,0.0189,0.2661,0.1144,0.0826
50,average size,0.0745,0.0864,0.0091,0.0514,0.267,0.1149,0.0172,0.0473,-0.0038,0.0433,0.3575,0.1276
51,dirty job,0.0959,0.3705,0.2444,0.2388,0.3014,0.1694,0.0461,0.3543,0.1984,0.208,0.2945,0.1468
52,dirty foot,0.0878,0.2761,0.1781,0.1516,0.5231,0.3847,0.1198,0.2252,0.115,0.1658,0.4523,0.303
53,dirty dish,0.1317,0.2746,0.1865,0.2636,0.4089,0.2929,0.1274,0.2196,0.1317,0.1288,0.3177,0.2466
54,dirty slum,0.16,0.338,0.2012,0.2314,0.3592,0.2711,0.0656,0.256,0.139,0.1318,0.3422,0.2104
55,dirty work,0.0912,0.3466,0.2362,0.3138,0.2458,0.1618,0.0552,0.3412,0.209,0.212,0.2559,0.1316
56,dirty money,0.0368,0.2774,0.1891,0.4951,0.4472,0.3767,-0.0092,0.1745,0.087,0.3417,0.264,0.2504
57,dirty overall,-0.0284,0.2765,0.1392,0.1776,0.2337,0.1494,-0.0438,0.1911,0.0951,0.1504,0.2199,0.1429
58,dirty fighter,0.1445,0.3266,0.1963,0.168,0.3975,0.3401,0.0695,0.201,0.0845,0.1197,0.2753,0.2258
59,common procedure,0.1085,0.311,0.1223,0.1538,0.0866,0.0724,0.0955,0.1274,0.0384,0.0518,0.0461,0.0236
60,common knowledge,0.1417,0.1362,0.0725,0.0613,0.266,0.162,0.0725,0.0859,0.0285,0.0617,0.1489,0.0895
61,common land,0.1714,0.0184,-0.0091,-0.0242,0.3186,0.1769,0.1361,0.0029,-0.0291,-0.0544,0.1775,0.0931
62,common nuisance,0.0438,0.0907,0.0369,0.0057,0.1217,0.0897,0.0595,0.0342,-0.006,-0.0411,0.0775,0.0304
63,common sailor,0.076,0.0871,0.0064,0.304,0.5744,0.3657,0.0048,0.0302,-0.0491,0.216,0.5119,0.2798
64,common housefly,0.0283,0.0463,0.0022,0.1304,0.5172,0.2059,0.0434,0.0025,-0.0319,0.0791,0.3554,0.1522
65,common man,0.1021,0.0681,0.0495,0.2038,0.3541,0.2226,0.0812,0.0157,-0.0104,0.1006,0.2464,0.1591
66,common parlance,0.1216,0.0944,0.038,0.0402,0.2356,0.1542,0.0903,0.0774,0.0237,-0.0113,0.1671,0.1149
67,common brand,0.2048,0.1798,0.1137,0.1103,0.3045,0.2254,0.1062,0.0803,0.0503,0.0366,0.2474,0.1493
68,heavy metal,0.2313,0.2243,0.1303,0.0508,0.3157,0.2052,0.0436,0.1195,0.0349,0.0799,0.255,0.1778
69,heavy load,0.0694,0.242,0.1501,0.1172,0.3626,0.2336,0.0362,0.1869,0.1175,0.07,0.4054,0.2589
70,heavy fog,0.1107,0.2185,0.1168,0.5893,0.8523,0.7061,0.0515,0.097,0.0154,0.4965,0.634,0.532
71,full game,0.0543,0.3178,0.1671,0.5323,0.4275,0.3478,-0.0303,0.2503,0.1409,0.5544,0.3915,0.328
72,full auditorium,-0.0012,0.3225,0.1499,0.1539,0.3092,0.2366,-0.0033,0.2746,0.1368,0.159,0.2374,0.1868
73,full attention,0.1199,0.3877,0.2026,0.2622,0.3409,0.2111,0.0386,0.2599,0.1392,0.1086,0.2558,0.1691
74,full glass,0.1111,0.393,0.2412,0.6071,0.5896,0.4762,0.072,0.3355,0.1688,0.5493,0.5138,0.3857
75,full life,0.1095,0.4508,0.2235,0.3316,0.3144,0.2306,0.0228,0.3279,0.1569,0.2887,0.238,0.1542
76,little boy,0.1194,0.2341,0.1834,0.4019,0.7042,0.4479,0.0605,0.158,0.1091,0.2885,0.5488,0.361
77,little man,0.0442,0.3276,0.1601,0.3225,0.3593,0.2132,0.1296,0.2222,0.1174,0.1821,0.4061,0.2489
78,little house,0.1766,0.2274,0.1692,0.3608,0.6096,0.405,0.1,0.1494,0.0992,0.3194,0.4814,0.4065
79,ample food,0.0544,0.2605,0.1616,0.2117,0.3177,0.2474,-0.0252,0.1308,0.0629,0.2782,0.2661,0.1705
80,ample supply,0.0955,0.2027,0.1367,0.2807,0.3699,0.2562,-0.0406,0.0846,0.0259,0.1252,0.288,0.1418
81,ample waistline,0.2085,0.2255,0.1318,0.2749,0.4335,0.2233,0.186,0.1469,0.0811,0.3015,0.4335,0.1855
82,puzzling statement,0.0287,0.1324,0.0666,0.2128,0.1812,0.0964,0.0271,0.1247,0.0494,0.1558,0.2124,0.1407
83,remarkable sight,0.263,0.1713,0.0846,0.3512,0.2816,0.1821,0.2099,0.1742,0.0721,0.318,0.2757,0.1417
84,dull mood,0.1269,0.2712,0.1713,0.2009,0.4563,0.3802,0.1047,0.2372,0.1487,0.164,0.4283,0.3344
85,dull play,0.0751,0.1456,0.1143,0.2259,0.2328,0.1965,0.1412,0.1557,0.1309,0.2104,0.2936,0.194
86,dull sky,0.1007,0.2307,0.076,0.3126,0.4333,0.3692,0.0824,0.3209,0.0692,0.2682,0.3096,0.2278
87,dull silver,0.0976,0.2027,0.0832,0.1452,0.284,0.1934,-0.004,0.2699,0.0709,0.1353,0.2598,0.1425
88,dull day,0.1024,0.3124,0.1384,0.1148,0.3541,0.2946,0.0889,0.299,0.1362,0.1542,0.3252,0.2325
89,dull glow,0.0879,0.2106,0.1191,0.4367,0.4694,0.4206,-0.0129,0.1428,0.0654,0.3794,0.4421,0.362
90,cozy nook,0.0671,0.3149,0.1828,0.2045,0.4428,0.2458,0.0473,0.272,0.1234,0.1421,0.3754,0.1833
91,cozy room,0.0427,0.192,0.1255,0.4324,0.4405,0.3701,0.0086,0.1773,0.1255,0.4035,0.4349,0.3471
92,low hill,0.0299,0.1875,0.0865,0.1079,0.4724,0.3256,-0.0103,0.248,0.1019,0.1084,0.3543,0.231
93,low sun,0.1305,0.1769,0.0973,0.4033,0.6091,0.4463,0.0315,0.2008,0.0763,0.3231,0.4529,0.3221
94,low supply,0.0362,0.305,0.2513,0.2656,0.2923,0.1611,-0.0212,0.2323,0.1549,0.1396,0.2926,0.1549
95,low cloud,0.2046,0.2656,0.1822,0.5075,0.589,0.3953,0.129,0.2523,0.1479,0.4373,0.4696,0.2899
96,low ceiling,0.1457,0.3367,0.2777,0.318,0.3351,0.2424,0.1313,0.3241,0.1995,0.2269,0.2896,0.1993
97,low bow,0.1691,0.1703,0.0967,0.3495,0.6167,0.4914,0.1015,0.2023,0.0821,0.3355,0.4709,0.3467
98,low reservoir,0.0545,0.3514,0.2617,0.2856,0.408,0.1635,0.0486,0.2542,0.1359,0.1422,0.3039,0.1446
99,low price,0.1822,0.1813,0.1485,0.2405,0.2838,0.1745,0.0882,0.0875,0.0638,0.1961,0.2354,0.171
100,low furniture,0.0657,0.2527,0.1829,0.3529,0.5026,0.3773,-0.0081,0.2161,0.1452,0.3233,0.452,0.337
101,critical illness,0.0492,0.1781,0.0729,0.1339,0.2877,0.2068,-0.0135,0.0527,0.013,0.0492,0.2124,0.1117
102,critical mass,0.0471,0.1744,0.1101,0.0773,0.3329,0.1916,-0.032,0.1071,0.0467,0.0354,0.2055,0.0915
103,critical stage,0.0699,0.1901,0.0878,0.0063,0.2001,0.0928,0.004,0.0931,0.0428,-0.0615,0.1269,0.0478
104,critical temperature,0.0966,0.4343,0.1152,0.4343,0.4379,0.3051,0.0191,0.2919,0.0529,0.2919,0.3105,0.2043
105,critical shortage,0.1811,0.1197,0.0493,0.1128,0.179,0.1116,0.0795,0.0741,0.0024,0.0458,0.1602,0.0862
106,critical element,0.0561,0.1566,0.0695,0.1651,0.1504,0.0948,0.0277,0.0752,0.0039,0.1206,0.0924,0.0406
107,immediate reply,0.0651,0.2385,0.1149,0.0899,0.2355,0.1852,0.0453,0.1663,0.0714,0.0435,0.1203,0.0932
108,immediate influence,0.1749,0.1727,0.098,0.0251,0.1755,0.103,0.0816,0.1032,0.0586,-0.0003,0.1247,0.0573
109,thin oil,0.1971,0.2396,0.1675,0.4553,0.4621,0.3958,0.1676,0.1805,0.1285,0.4495,0.4154,0.339
110,thin soup,0.0821,0.3443,0.2291,0.25,0.346,0.2734,0.0578,0.2313,0.165,0.2514,0.3209,0.2681
111,thin air,0.1045,0.2798,0.1403,0.1445,0.3886,0.2563,0.0499,0.2412,0.1293,0.1363,0.3563,0.2239
112,thin line,0.0235,0.1366,0.0905,0.1268,0.5273,0.3783,-0.03,0.0742,0.047,0.1068,0.5446,0.3388
113,thick soup,0.0797,0.3728,0.2405,0.3055,0.3969,0.2613,-0.0534,0.2514,0.1766,0.2232,0.3594,0.2412
114,thick smoke,0.133,0.4654,0.2156,0.4453,0.5643,0.262,0.0795,0.3257,0.1565,0.3456,0.433,0.1905
115,thick cream,0.164,0.2319,0.176,0.4204,0.6142,0.3325,0.0839,0.2047,0.1139,0.2859,0.4271,0.2607
116,thick fog,0.1544,0.2488,0.1857,0.6344,0.7037,0.5304,0.1113,0.2077,0.1298,0.5226,0.5184,0.4628
117,wrong paper,0.0855,0.1445,0.0905,0.0635,0.2576,0.1694,0.0309,0.0613,0.0218,0.0072,0.181,0.0986
118,wrong road,0.0661,0.2617,0.1482,0.4778,0.4882,0.4194,0.0467,0.1539,0.0936,0.3758,0.4157,0.3274
119,wrong cheating,-0.0043,0.115,0.0472,0.2645,0.2061,0.1203,-0.0057,0.1147,0.0433,0.2058,0.1443,0.0849
120,wrong way,0.0675,0.1798,0.1171,0.1048,0.2047,0.1315,0.0287,0.1607,0.1071,0.0715,0.2127,0.1245
121,wrong medicine,0.1121,0.1908,0.1073,0.2599,0.4353,0.3364,0.1525,0.1517,0.0558,0.2593,0.3552,0.2694
122,wrong information,0.1197,0.1587,0.1141,0.1801,0.1677,0.1065,0.0629,0.141,0.0533,0.1399,0.1997,0.1006
123,wrong assumption,0.0781,0.0968,0.041,0.1413,0.1845,0.0879,-0.0375,0.0402,0.0122,0.1056,0.1472,0.0519
124,wrong time,0.0653,0.1642,0.1069,0.209,0.3309,0.212,0.0788,0.0987,0.0397,0.2309,0.3268,0.2232
125,warm support,0.1991,0.4498,0.2327,0.1638,0.2794,0.2316,0.1272,0.2994,0.1932,0.1516,0.3622,0.2429
126,warm greeting,0.1403,0.1971,0.1584,0.413,0.3027,0.2608,0.1988,0.2421,0.1857,0.4275,0.432,0.3511
127,warm debate,0.1228,0.3079,0.1814,0.1223,0.2406,0.1529,0.0616,0.2751,0.179,0.1697,0.1873,0.1326
128,warm room,0.1492,0.4032,0.2199,0.5569,0.4591,0.2815,0.1196,0.351,0.1661,0.494,0.5396,0.2721
129,warm body,0.0987,0.558,0.2954,0.363,0.3876,0.1874,0.0893,0.4639,0.2017,0.2636,0.4197,0.2258
130,warm climate,0.0503,0.4033,0.2351,0.3664,0.4514,0.2305,0.058,0.4116,0.1922,0.2821,0.3612,0.2085
131,warm coat,0.1918,0.2042,0.1646,0.5701,0.7398,0.4682,0.1251,0.2246,0.1434,0.6345,0.6416,0.4584
132,warm personality,0.2963,0.4075,0.2313,0.1935,0.4235,0.2897,0.2542,0.3162,0.2036,0.213,0.3276,0.2418
133,clear complexion,0.3367,0.2164,0.1199,0.12,0.4496,0.276,0.2964,0.2418,0.1049,0.1241,0.3761,0.2553
134,clear indication,0.1476,0.1707,0.096,0.1697,0.3425,0.2438,0.1177,0.1556,0.0626,0.1096,0.2807,0.191
135,clear air,0.0526,0.2436,0.0914,0.1151,0.3888,0.1738,0.0836,0.2544,0.099,0.1031,0.3526,0.1516
136,clear case,0.0674,0.2006,0.101,0.1986,0.2797,0.1676,0.0106,0.1868,0.0683,0.1156,0.2747,0.1338
137,clear idea,0.1501,0.2457,0.1039,0.0467,0.2561,0.1499,0.1119,0.2127,0.063,0.0076,0.2266,0.116
138,clear explanation,0.0645,0.0747,0.0228,0.0859,0.0802,0.0517,0.0339,0.0976,0.0216,0.0938,0.1927,0.086
139,clear glass,0.2437,0.2549,0.1752,0.4669,0.5164,0.3266,0.0848,0.1823,0.0825,0.368,0.429,0.2698
140,clear water,0.0837,0.3795,0.172,0.3598,0.3766,0.2815,0.018,0.3688,0.1304,0.286,0.3523,0.2401
141,clear-cut evidence,0.0744,0.0923,0.0031,0.1106,0.1318,0.0983,0.0196,0.0688,-0.0194,0.0425,0.1102,0.0774
142,unclear action,0.1001,0.1324,0.0533,0.005,0.2406,0.1647,0.0665,0.0881,0.0243,-0.0699,0.174,0.1431
143,deep trance,0.0897,0.2553,0.1868,0.1727,0.2792,0.2289,0.0599,0.202,0.131,0.0944,0.2704,0.1562
144,deep sigh,0.0168,0.2587,0.1285,0.1341,0.2912,0.266,-0.0006,0.3091,0.1723,0.1154,0.3692,0.3394
145,deep cut,0.1327,0.2341,0.191,0.5306,0.5029,0.3279,0.0363,0.1254,0.0975,0.4578,0.3672,0.2701
146,deep voice,0.2259,0.3006,0.2187,0.4011,0.3475,0.2541,0.168,0.1964,0.1533,0.337,0.2849,0.2464
147,deep emotion,0.1389,0.4008,0.2409,0.3154,0.4293,0.3112,0.1045,0.3307,0.2154,0.3374,0.3157,0.2168
148,deep concentration,-0.1012,0.2946,0.2179,0.2259,0.3338,0.2563,-0.0952,0.2582,0.1614,0.1803,0.2315,0.1857
149,deep sleep,-0.0142,0.2242,0.1426,0.2958,0.524,0.4398,-0.0323,0.1754,0.1209,0.3466,0.402,0.3545
150,deep breath,0.1357,0.3511,0.214,0.3112,0.3625,0.2364,0.1197,0.2418,0.1709,0.1956,0.3791,0.2264
151,high price,0.1042,0.2411,0.1823,0.1833,0.2568,0.2373,0.0347,0.2917,0.1469,0.13,0.2557,0.2188
152,high forehead,0.2983,0.4203,0.2305,0.3494,0.401,0.3023,0.2092,0.3596,0.188,0.3092,0.2609,0.202
153,high hope,0.0307,0.1692,0.1035,0.1369,0.4362,0.1689,-0.0318,0.3319,0.1831,0.1593,0.2461,0.1391
154,high building,0.1166,0.568,0.2465,0.568,0.6613,0.5182,0.0967,0.447,0.1917,0.447,0.5301,0.4118
155,high mountain,0.2374,0.3278,0.2173,0.6064,0.8169,0.6184,0.1719,0.3076,0.1531,0.5713,0.6262,0.5224
156,high temperature,0.1237,0.3663,0.2807,0.4525,0.4481,0.3691,0.0561,0.3574,0.1925,0.5004,0.4731,0.335
157,high ceiling,0.1678,0.3683,0.2631,0.3683,0.3969,0.227,0.1181,0.3293,0.1938,0.2855,0.3164,0.2048
158,high risk,0.1751,0.2898,0.2152,0.3232,0.3653,0.2442,0.1198,0.3099,0.1822,0.2624,0.2505,0.1872
159,high opinion,0.0516,0.2309,0.1556,0.2233,0.2771,0.181,0.0663,0.2835,0.1075,0.2096,0.1814,0.1181
160,high river,0.1919,0.4017,0.237,0.1252,0.4912,0.3492,0.2161,0.3945,0.2402,-0.0389,0.4104,0.2897
161,high point,0.1976,0.3498,0.2161,0.3638,0.3032,0.2242,0.1348,0.3332,0.1715,0.4478,0.3168,0.2621
162,cool drink,0.1883,0.2845,0.1637,0.5785,0.5463,0.4173,0.1027,0.3681,0.2109,0.6319,0.5712,0.4525
163,cool relation,0.2105,0.2288,0.1351,0.1809,0.3552,0.2281,0.1714,0.2729,0.1753,0.1671,0.4143,0.2134
164,cool reception,0.1696,0.3051,0.1859,0.3326,0.3223,0.2227,0.1475,0.288,0.1816,0.3045,0.2444,0.1864
165,cool room,0.1004,0.3274,0.1756,0.5387,0.5584,0.31,0.0375,0.3452,0.2171,0.5432,0.5273,0.3215
166,cool breeze,0.1234,0.4152,0.2164,0.4422,0.5217,0.413,0.1133,0.4027,0.2109,0.4428,0.5107,0.3709
167,inadequate income,0.0173,0.1006,0.0145,0.1857,0.3139,0.2533,-0.0413,0.0311,-0.0191,0.0917,0.2638,0.2145
168,inadequate training,0.1765,0.1749,0.0532,0.1757,0.2212,0.1342,0.1237,0.111,0.0055,0.0844,0.1087,0.0554
169,inadequate staff,0.0034,0.1138,0.0673,0.0386,0.3869,0.2127,-0.0373,0.0496,0.015,0.0667,0.2933,0.1504
170,idyllic life,-0.048,0.1484,0.0743,0.1487,0.1353,0.0688,-0.0786,0.1064,0.0477,0.1252,0.1601,0.0654
171,idyllic spot,-0.0652,0.2175,0.0911,0.0597,0.4239,0.244,-0.0925,0.2136,0.0707,0.045,0.3375,0.1584
172,domestic worry,0.0456,0.1536,0.0541,0.2394,0.2426,0.1546,-0.0009,0.1503,0.0521,0.2461,0.216,0.1385
173,domestic happiness,0.0719,0.172,0.0769,0.2389,0.4745,0.3357,0.0534,0.1346,0.0545,0.207,0.4013,0.2595
174,domestic chore,-0.0051,0.1256,0.0606,-0.0094,0.4952,0.2986,0.0121,0.1198,0.0589,-0.0034,0.4382,0.252
175,domestic animal,0.0692,0.2789,0.1361,0.4691,0.5414,0.4006,0.054,0.2512,0.1087,0.3384,0.3801,0.2793
176,ineffectual ruler,0.0104,0.1479,0.0603,0.3239,0.5541,0.2894,-0.0301,0.0942,0.0268,0.2035,0.3284,0.1699
177,ineffectual therapy,-0.0059,0.0931,0.0442,0.035,0.2341,0.0977,-0.0352,0.077,0.016,0.0143,0.1649,0.0597
178,intelligent question,0.0875,0.1545,0.0618,0.1859,0.2752,0.1702,0.0801,0.1389,0.0477,0.2188,0.4211,0.2762
179,intelligent life,-0.007,0.2281,0.0563,0.1266,0.1005,0.0584,-0.0502,0.1665,0.0158,0.1107,0.1536,0.0569
180,intelligent solution,0.0199,0.0994,0.0629,0.1144,0.1536,0.1235,-0.0448,0.1031,0.0405,0.0668,0.1245,0.0898
181,constant lover,0.2472,0.1676,0.068,0.0996,0.3586,0.2961,0.2575,0.1166,-0.0129,0.076,0.3427,0.262
182,constant pain,0.0576,0.1668,0.0819,0.1233,0.302,0.1679,0.0833,0.1458,0.0664,0.1351,0.2932,0.1889
183,internal organ,0.1174,0.3234,0.1196,0.1065,0.4776,0.398,0.071,0.2508,0.085,0.0407,0.4847,0.3674
184,internal sense,0.0023,0.1694,0.0918,0.0596,0.2673,0.2212,-0.0333,0.1039,0.0562,0.1236,0.2235,0.171
185,internal mechanism,0.0329,0.1632,0.0633,0.1495,0.2203,0.1222,0.0226,0.1633,0.0373,0.1407,0.2085,0.1185
186,dry paint,0.2255,0.2372,0.1229,0.2908,0.262,0.219,0.1604,0.2575,0.124,0.248,0.2027,0.1358
187,dry land,0.1945,0.247,0.1267,0.2304,0.6447,0.5254,0.1214,0.2822,0.1136,0.2416,0.4566,0.3284
188,dry critique,0.1077,0.206,0.1199,0.1267,0.1303,0.1,0.0277,0.2193,0.1182,0.1048,0.1583,0.0941
189,dry greeting,0.1912,0.1963,0.1244,0.3956,0.3579,0.2851,0.2204,0.2437,0.0985,0.3379,0.3785,0.2547
190,dry climate,-0.0218,0.261,0.1341,0.2331,0.4268,0.2982,-0.0639,0.319,0.1246,0.2791,0.4633,0.276
191,effective step,0.0661,0.1454,0.0503,0.0471,0.3317,0.2468,0.0339,0.0864,0.0232,-0.0293,0.3035,0.21
192,effective reprimand,0.0098,0.066,0.0146,0.1187,0.1285,0.0755,0.0023,0.0581,0.0056,0.1336,0.122,0.0885
193,effective entrance,0.1143,0.1432,0.0458,0.2947,0.3373,0.2506,0.045,0.0971,-0.0014,0.1872,0.2653,0.1901
194,foreign accent,0.0978,0.2781,0.1354,0.1225,0.4963,0.3079,0.0188,0.2432,0.0691,0.0863,0.4079,0.2338
195,foreign nation,0.0879,0.325,0.1048,0.2888,0.514,0.3143,0.0014,0.1349,0.0105,0.212,0.2816,0.1992
196,foreign city,0.0711,0.3476,0.1511,0.2491,0.4431,0.3098,0.0532,0.2465,0.1132,0.2695,0.4219,0.2617
197,exotic cuisine,0.107,0.2816,0.1435,0.3418,0.3652,0.2542,0.0326,0.2248,0.0924,0.2524,0.308,0.2239
198,delicate china,0.1004,0.2276,0.1218,0.4607,0.5956,0.4843,0.034,0.1416,0.0574,0.3586,0.522,0.4083
199,delicate wing,0.0674,0.1691,0.1244,-0.0095,0.4017,0.2988,-0.0005,0.0901,0.0373,-0.0848,0.282,0.2003
200,delicate negotiation,0.0923,0.1223,0.0641,0.2174,0.1891,0.1126,0.0363,0.1068,0.0376,0.1299,0.1951,0.0972
201,delicate flavor,-0.0088,0.2346,0.1046,0.1978,0.2488,0.1688,-0.0162,0.1745,0.0494,0.1235,0.223,0.1204
202,fresh bread,0.0352,0.1899,0.0376,0.3892,0.8212,0.6653,-0.0343,0.0683,-0.0002,0.3142,0.6151,0.5172
203,fresh scent,0.0848,0.1099,0.0611,0.2836,0.4447,0.3112,0.0191,0.073,0.0276,0.1637,0.3618,0.2232
204,fresh lettuce,0.0315,0.3421,0.0855,0.3152,0.553,0.441,-0.0239,0.2135,0.0283,0.2337,0.4212,0.3027
205,fresh air,0.1016,0.1862,0.0505,0.0673,0.3563,0.2488,-0.0136,0.1017,0.0195,-0.0414,0.2607,0.1936
206,sound explanation,0.0476,0.4111,0.1735,0.3354,0.2984,0.2869,-0.0499,0.1839,0.0654,0.109,0.2073,0.1646
207,sound approach,0.0973,0.2961,0.1731,0.1893,0.2859,0.202,-0.0102,0.1856,0.08,0.1162,0.1735,0.1065
208,sound thrashing,-0.0622,0.4258,0.1913,0.4318,0.4998,0.2869,-0.0706,0.2806,0.0969,0.3357,0.4271,0.2407
209,sound advice,0.0997,0.1495,0.0679,0.0949,0.1452,0.1114,0.0303,0.1829,0.0585,0.1766,0.2538,0.1931
